mode,period,group,mom_bin,n,mean,median,profitable_frequency,minimum,q25,q75,maximum,mean_ci95,sample_status,uncertainty,mom_unclassified
Original,All,Low / Negative,All,36,0.009572401552893487,0.0036045843872043,0.5277777777777778,-0.0771729240204437,-0.023125304565070302,0.03183312739651813,0.257971447680605,"[-0.006999247794264152, 0.03165273715055694]",Descriptive sample,Moving-block 95% mean CI,9
Original,All,Low / Negative,Low MOM10,9,0.023830035370289677,0.0282954408445907,0.7777777777777778,-0.0238039379542231,0.013929966231863,0.0321172999066532,0.0909909344103256,,Insufficient observations (<10),CI unavailable: requires >=20 group observations and adequate blocks,9
Original,All,Low / Negative,High MOM10,18,0.017876568744438846,0.010397845263975851,0.5555555555555556,-0.0725865473739171,-0.016987451279362076,0.03849943256122808,0.257971447680605,,Descriptive sample,CI unavailable: requires >=20 group observations and adequate blocks,9
Original,All,Low / Positive,All,24,0.0012464561905653603,-0.00790698586126665,0.4583333333333333,-0.0583253409976356,-0.0196684930228225,0.01252618888976865,0.1349183108359313,"[-0.012466454442774095, 0.015660459918217327]",Descriptive sample,Moving-block 95% mean CI,9
Original,All,Low / Positive,Low MOM10,4,0.01870011615403125,0.0151409374567853,0.75,-0.0054484202828908,0.005413957537356726,0.028427096073459824,0.0499670099854452,,Insufficient observations (<10),CI unavailable: requires >=20 group observations and adequate blocks,9
Original,All,Low / Positive,High MOM10,11,-0.003169254886429261,-0.0192782544312483,0.36363636363636365,-0.0583253409976356,-0.0257675855772339,0.007786458920704601,0.1349183108359313,,Descriptive sample,CI unavailable: requires >=20 group observations and adequate blocks,9
Original,All,High / Negative,All,21,0.01685568989007174,0.0037605878802524,0.5714285714285714,-0.036676993964914,-0.0038475240184175,0.0235192425220607,0.1310670904825221,"[0.0004590525695019076, 0.03908533073871566]",Descriptive sample,Moving-block 95% mean CI,10
Original,All,High / Negative,Low MOM10,2,0.0014547384476665502,0.0014547384476665502,0.5,-0.0061947715409748,-0.0023700165466541247,0.005279493441987225,0.0091042484363079,,Insufficient observations (<10),CI unavailable: requires >=20 group observations and adequate blocks,10
Original,All,High / Negative,High MOM10,9,0.029938695604759386,0.0123301781421047,0.6666666666666666,-0.036676993964914,-0.0009701724945596,0.0235192425220607,0.1310670904825221,,Insufficient observations (<10),CI unavailable: requires >=20 group observations and adequate blocks,10
Original,All,High / Positive,All,31,0.013679006246021934,0.0108765137242157,0.5806451612903226,-0.0734651767317629,-0.03118681180680715,0.033290131385986396,0.1401287395063086,"[-0.007384727156709892, 0.032335178090939276]",Descriptive sample,Moving-block 95% mean CI,10
Original,All,High / Positive,Low MOM10,9,0.0304988819919664,0.0262024400244387,0.6666666666666666,-0.0715814711233816,-0.0358441766005841,0.0895104560752939,0.1401287395063086,,Insufficient observations (<10),CI unavailable: requires >=20 group observations and adequate blocks,10
Original,All,High / Positive,High MOM10,12,0.016529848360740514,0.01344182027218695,0.6666666666666666,-0.0691121953221096,-0.001364017834534075,0.03412922421647225,0.1152904757479245,,Descriptive sample,CI unavailable: requires >=20 group observations and adequate blocks,10
Original,2021,Low / Negative,All,0,,,,,,,,,Insufficient observations (<10),CI unavailable: requires >=20 group observations and adequate blocks,0
Original,2021,Low / Negative,Low MOM10,0,,,,,,,,,Insufficient observations (<10),CI unavailable: requires >=20 group observations and adequate blocks,0
Original,2021,Low / Negative,High MOM10,0,,,,,,,,,Insufficient observations (<10),CI unavailable: requires >=20 group observations and adequate blocks,0
Original,2021,Low / Positive,All,0,,,,,,,,,Insufficient observations (<10),CI unavailable: requires >=20 group observations and adequate blocks,0
Original,2021,Low / Positive,Low MOM10,0,,,,,,,,,Insufficient observations (<10),CI unavailable: requires >=20 group observations and adequate blocks,0
Original,2021,Low / Positive,High MOM10,0,,,,,,,,,Insufficient observations (<10),CI unavailable: requires >=20 group observations and adequate blocks,0
Original,2021,High / Negative,All,0,,,,,,,,,Insufficient observations (<10),CI unavailable: requires >=20 group observations and adequate blocks,0
Original,2021,High / Negative,Low MOM10,0,,,,,,,,,Insufficient observations (<10),CI unavailable: requires >=20 group observations and adequate blocks,0
Original,2021,High / Negative,High MOM10,0,,,,,,,,,Insufficient observations (<10),CI unavailable: requires >=20 group observations and adequate blocks,0
Original,2021,High / Positive,All,2,-0.023037227241674202,-0.023037227241674202,0.0,-0.0305014221385528,-0.0267693246901135,-0.019305129793234902,-0.0155730323447956,,Insufficient observations (<10),CI unavailable: requires >=20 group observations and adequate blocks,2
Original,2021,High / Positive,Low MOM10,0,,,,,,,,,Insufficient observations (<10),CI unavailable: requires >=20 group observations and adequate blocks,2
Original,2021,High / Positive,High MOM10,0,,,,,,,,,Insufficient observations (<10),CI unavailable: requires >=20 group observations and adequate blocks,2
Original,2022,Low / Negative,All,11,-0.012703375503496355,-0.0222983562312972,0.36363636363636365,-0.0771729240204437,-0.03056196595027115,0.00804550862826175,0.0370661997848476,,Descriptive sample,CI unavailable: requires >=20 group observations and adequate blocks,9
Original,2022,Low / Negative,Low MOM10,1,0.0370661997848476,0.0370661997848476,1.0,0.0370661997848476,0.0370661997848476,0.0370661997848476,0.0370661997848476,,Insufficient observations (<10),CI unavailable: requires >=20 group observations and adequate blocks,9
Original,2022,Low / Negative,High MOM10,1,0.0148387695050333,0.0148387695050333,1.0,0.0148387695050333,0.0148387695050333,0.0148387695050333,0.0148387695050333,,Insufficient observations (<10),CI unavailable: requires >=20 group observations and adequate blocks,9
Original,2022,Low / Positive,All,4,-0.008946832217504825,-0.0048219597760233,0.5,-0.0542563492594243,-0.02133825089458795,0.007569458901059825,0.0281129399414516,,Insufficient observations (<10),CI unavailable: requires >=20 group observations and adequate blocks,4
Original,2022,Low / Positive,Low MOM10,0,,,,,,,,,Insufficient observations (<10),CI unavailable: requires >=20 group observations and adequate blocks,4
Original,2022,Low / Positive,High MOM10,0,,,,,,,,,Insufficient observations (<10),CI unavailable: requires >=20 group observations and adequate blocks,4
Original,2022,High / Negative,All,6,0.0037830729713511837,-0.0022210510063929998,0.3333333333333333,-0.0328758598773029,-0.0213583946172809,0.0278278797428307,0.0499097188798676,,Insufficient observations (<10),CI unavailable: requires >=20 group observations and adequate blocks,6
Original,2022,High / Negative,Low MOM10,0,,,,,,,,,Insufficient observations (<10),CI unavailable: requires >=20 group observations and adequate blocks,6
Original,2022,High / Negative,High MOM10,0,,,,,,,,,Insufficient observations (<10),CI unavailable: requires >=20 group observations and adequate blocks,6
Original,2022,High / Positive,All,2,-0.01614883503880915,-0.01614883503880915,0.5,-0.0487116655183352,-0.03243025027857217,0.00013258020095387527,0.0164139954407169,,Insufficient observations (<10),CI unavailable: requires >=20 group observations and adequate blocks,2
Original,2022,High / Positive,Low MOM10,0,,,,,,,,,Insufficient observations (<10),CI unavailable: requires >=20 group observations and adequate blocks,2
Original,2022,High / Positive,High MOM10,0,,,,,,,,,Insufficient observations (<10),CI unavailable: requires >=20 group observations and adequate blocks,2
Original,2023,Low / Negative,All,12,0.004300054028951992,0.01265697210171185,0.5833333333333334,-0.0725865473739171,-0.013410000025609475,0.029250905610106327,0.0396669589674929,,Descriptive sample,CI unavailable: requires >=20 group observations and adequate blocks,0
Original,2023,Low / Negative,Low MOM10,4,0.016968219189371872,0.023826232012548,0.75,-0.0118968871742617,0.011543545591813548,0.029250905610106327,0.0321172999066532,,Insufficient observations (<10),CI unavailable: requires >=20 group observations and adequate blocks,0
Original,2023,Low / Negative,High MOM10,8,-0.0020340285512579527,0.0018573321797213,0.5,-0.0725865473739171,-0.020547719923516224,0.026920246957541173,0.0396669589674929,,Insufficient observations (<10),CI unavailable: requires >=20 group observations and adequate blocks,0
Original,2023,Low / Positive,All,2,-0.01533677911841645,-0.01533677911841645,0.0,-0.0173333019733094,-0.016335040545862926,-0.014338517690969974,-0.0133402562635235,,Insufficient observations (<10),CI unavailable: requires >=20 group observations and adequate blocks,2
Original,2023,Low / Positive,Low MOM10,0,,,,,,,,,Insufficient observations (<10),CI unavailable: requires >=20 group observations and adequate blocks,2
Original,2023,Low / Positive,High MOM10,0,,,,,,,,,Insufficient observations (<10),CI unavailable: requires >=20 group observations and adequate blocks,2
Original,2023,High / Negative,All,5,0.01158862800613446,0.0037605878802524,0.6,-0.0061472831968329,-0.0009701724945596,0.0161008257218591,0.0451991821199533,,Insufficient observations (<10),CI unavailable: requires >=20 group observations and adequate blocks,4
Original,2023,High / Negative,Low MOM10,0,,,,,,,,,Insufficient observations (<10),CI unavailable: requires >=20 group observations and adequate blocks,4
Original,2023,High / Negative,High MOM10,1,-0.0009701724945596,-0.0009701724945596,0.0,-0.0009701724945596,-0.0009701724945596,-0.0009701724945596,-0.0009701724945596,,Insufficient observations (<10),CI unavailable: requires >=20 group observations and adequate blocks,4
Original,2023,High / Positive,All,5,0.014762268373996523,0.0045562688133533,0.6,-0.0734651767317629,-0.0164289161170988,0.0326125017389837,0.1265366641665073,,Insufficient observations (<10),CI unavailable: requires >=20 group observations and adequate blocks,5
Original,2023,High / Positive,Low MOM10,0,,,,,,,,,Insufficient observations (<10),CI unavailable: requires >=20 group observations and adequate blocks,5
Original,2023,High / Positive,High MOM10,0,,,,,,,,,Insufficient observations (<10),CI unavailable: requires >=20 group observations and adequate blocks,5
Original,2024,Low / Negative,All,7,0.045345772422086546,0.0284142791023065,0.5714285714285714,-0.0494473888043652,-0.01818634964751625,0.058427384135546004,0.257971447680605,,Insufficient observations (<10),CI unavailable: requires >=20 group observations and adequate blocks,0
Original,2024,Low / Negative,Low MOM10,2,0.0023051705740417,0.002305170574041702,0.5,-0.0238039379542231,-0.010749383690090701,0.015359724838174101,0.0284142791023065,,Insufficient observations (<10),CI unavailable: requires >=20 group observations and adequate blocks,0
Original,2024,Low / Negative,High MOM10,5,0.06256201316130447,0.0439395090585312,0.6,-0.0494473888043652,-0.0125687613408094,0.0729152592125608,0.257971447680605,,Insufficient observations (<10),CI unavailable: requires >=20 group observations and adequate blocks,0
Original,2024,Low / Positive,All,6,0.008736154457688968,-3.0566620042499215e-05,0.5,-0.0347090036230808,-0.018277650228867074,0.0412789335844935,0.0564983080551027,,Insufficient observations (<10),CI unavailable: requires >=20 group observations and adequate blocks,3
Original,2024,Low / Positive,Low MOM10,1,0.0499670099854452,0.0499670099854452,1.0,0.0499670099854452,0.0499670099854452,0.0499670099854452,0.0499670099854452,,Insufficient observations (<10),CI unavailable: requires >=20 group observations and adequate blocks,3
Original,2024,Low / Positive,High MOM10,2,-0.026993629027164547,-0.026993629027164547,0.0,-0.0347090036230808,-0.030851316325122672,-0.023135941729206425,-0.0192782544312483,,Insufficient observations (<10),CI unavailable: requires >=20 group observations and adequate blocks,3
Original,2024,High / Negative,All,4,-0.004349798955700225,-0.0021207221899737995,0.5,-0.036676993964914,-0.0138153271469596,0.007344806001285575,0.0235192425220607,,Insufficient observations (<10),CI unavailable: requires >=20 group observations and adequate blocks,0
Original,2024,High / Negative,Low MOM10,1,-0.0061947715409748,-0.0061947715409748,0.0,-0.0061947715409748,-0.0061947715409748,-0.0061947715409748,-0.0061947715409748,,Insufficient observations (<10),CI unavailable: requires >=20 group observations and adequate blocks,0
Original,2024,High / Negative,High MOM10,3,-0.003734808093942034,0.0019533271610272,0.6666666666666666,-0.036676993964914,-0.017361833401943402,0.01273628484154395,0.0235192425220607,,Insufficient observations (<10),CI unavailable: requires >=20 group observations and adequate blocks,0
Original,2024,High / Positive,All,7,-0.001353507550074986,0.0108765137242157,0.7142857142857143,-0.0715814711233816,-0.0214541927753509,0.029762588166210552,0.0346136137669217,,Insufficient observations (<10),CI unavailable: requires >=20 group observations and adequate blocks,1
Original,2024,High / Positive,Low MOM10,3,-0.010923357772854435,0.0108765137242157,0.6666666666666666,-0.0715814711233816,-0.030352478699582956,0.01940569890240915,0.0279348840806026,,Insufficient observations (<10),CI unavailable: requires >=20 group observations and adequate blocks,1
Original,2024,High / Positive,High MOM10,3,0.022511220802319366,0.0315902922518185,1.0,0.0013297563882179,0.016460024320018203,0.033101953009370105,0.0346136137669217,,Insufficient observations (<10),CI unavailable: requires >=20 group observations and adequate blocks,1
Original,2025,Low / Negative,All,2,0.05498642910720835,0.05498642910720835,1.0,0.0189819238040911,0.03698417645564973,0.07298868175876698,0.0909909344103256,,Insufficient observations (<10),CI unavailable: requires >=20 group observations and adequate blocks,0
Original,2025,Low / Negative,Low MOM10,1,0.0909909344103256,0.0909909344103256,1.0,0.0909909344103256,0.0909909344103256,0.0909909344103256,0.0909909344103256,,Insufficient observations (<10),CI unavailable: requires >=20 group observations and adequate blocks,0
Original,2025,Low / Negative,High MOM10,1,0.0189819238040911,0.0189819238040911,1.0,0.0189819238040911,0.0189819238040911,0.0189819238040911,0.0189819238040911,,Insufficient observations (<10),CI unavailable: requires >=20 group observations and adequate blocks,0
Original,2025,Low / Positive,All,6,0.022537780811754102,0.01033238360162565,0.6666666666666666,-0.0293074474548925,-0.006963365326396175,0.018842847841884874,0.1349183108359313,,Insufficient observations (<10),CI unavailable: requires >=20 group observations and adequate blocks,0
Original,2025,Low / Positive,Low MOM10,2,0.0151409374567853,0.0151409374567853,1.0,0.0090347501441059,0.0120878438004456,0.018194031113125,0.0212471247694647,,Insufficient observations (<10),CI unavailable: requires >=20 group observations and adequate blocks,0
Original,2025,Low / Positive,High MOM10,4,0.026236202489238504,-0.0003330267120424009,0.5,-0.0293074474548925,-0.016548914726145773,0.04245209050334188,0.1349183108359313,,Insufficient observations (<10),CI unavailable: requires >=20 group observations and adequate blocks,0
Original,2025,High / Negative,All,4,0.04025449726420787,0.01307187667338575,1.0,0.0091042484363079,0.0115236957156555,0.041802678221938123,0.1257699872737521,,Insufficient observations (<10),CI unavailable: requires >=20 group observations and adequate blocks,0
Original,2025,High / Negative,Low MOM10,1,0.0091042484363079,0.0091042484363079,1.0,0.0091042484363079,0.0091042484363079,0.0091042484363079,0.0091042484363079,,Insufficient observations (<10),CI unavailable: requires >=20 group observations and adequate blocks,0
Original,2025,High / Negative,High MOM10,3,0.05063791354017453,0.0138135752046668,1.0,0.0123301781421047,0.01307187667338575,0.06979178123920945,0.1257699872737521,,Insufficient observations (<10),CI unavailable: requires >=20 group observations and adequate blocks,0
Original,2025,High / Positive,All,11,0.02578633733737518,0.0146841173402576,0.6363636363636364,-0.0520397260049073,-0.00206751819478045,0.04688491740818085,0.1393022782457111,,Descriptive sample,CI unavailable: requires >=20 group observations and adequate blocks,0
Original,2025,High / Positive,Low MOM10,5,0.03342625434799046,0.0262024400244387,0.6,-0.0520397260049073,-0.0358441766005841,0.0895104560752939,0.1393022782457111,,Insufficient observations (<10),CI unavailable: requires >=20 group observations and adequate blocks,0
Original,2025,High / Positive,High MOM10,6,0.019419739828529115,0.01344182027218695,0.6666666666666666,-0.0034745189152732,0.0025544926953133,0.02914685010980622,0.0598020737833726,,Insufficient observations (<10),CI unavailable: requires >=20 group observations and adequate blocks,0
Original,2026,Low / Negative,All,4,0.0013374182315447737,-8.591157331344981e-05,0.5,-0.0396760788651909,-0.02049536175016515,0.021746868408396475,0.0451975749379969,,Insufficient observations (<10),CI unavailable: requires >=20 group observations and adequate blocks,0
Original,2026,Low / Negative,Low MOM10,1,0.013929966231863,0.013929966231863,1.0,0.013929966231863,0.013929966231863,0.013929966231863,0.013929966231863,,Insufficient observations (<10),CI unavailable: requires >=20 group observations and adequate blocks,0
Original,2026,Low / Negative,High MOM10,3,-0.0028600977685613004,-0.0141017893784899,0.3333333333333333,-0.0396760788651909,-0.026888934121840402,0.015547892779753499,0.0451975749379969,,Insufficient observations (<10),CI unavailable: requires >=20 group observations and adequate blocks,0
Original,2026,Low / Positive,All,6,-0.015211295989372936,-0.01314381454021795,0.3333333333333333,-0.0583253409976356,-0.02188059497406775,0.0035539291481437247,0.0090182055495873,,Insufficient observations (<10),CI unavailable: requires >=20 group observations and adequate blocks,0
Original,2026,Low / Positive,Low MOM10,1,-0.0054484202828908,-0.0054484202828908,0.0,-0.0054484202828908,-0.0054484202828908,-0.0054484202828908,-0.0054484202828908,,Insufficient observations (<10),CI unavailable: requires >=20 group observations and adequate blocks,0
Original,2026,Low / Positive,High MOM10,5,-0.01716387113066936,-0.0208392087975451,0.4,-0.0583253409976356,-0.0222277236995753,0.0065547122918219,0.0090182055495873,,Insufficient observations (<10),CI unavailable: requires >=20 group observations and adequate blocks,0
Original,2026,High / Negative,All,2,0.0648545582993483,0.0648545582993483,0.5,-0.0013579738838255,0.0317482922077614,0.0979608243909352,0.1310670904825221,,Insufficient observations (<10),CI unavailable: requires >=20 group observations and adequate blocks,0
Original,2026,High / Negative,Low MOM10,0,,,,,,,,,Insufficient observations (<10),CI unavailable: requires >=20 group observations and adequate blocks,0
Original,2026,High / Negative,High MOM10,2,0.0648545582993483,0.0648545582993483,0.5,-0.0013579738838255,0.0317482922077614,0.0979608243909352,0.1310670904825221,,Insufficient observations (<10),CI unavailable: requires >=20 group observations and adequate blocks,0
Original,2026,High / Positive,All,4,0.0386087046142655,0.0417091371364315,0.5,-0.0691121953221096,-0.041182199936823524,0.12150004168752053,0.1401287395063086,,Insufficient observations (<10),CI unavailable: requires >=20 group observations and adequate blocks,0
Original,2026,High / Positive,Low MOM10,1,0.1401287395063086,0.1401287395063086,1.0,0.1401287395063086,0.1401287395063086,0.1401287395063086,0.1401287395063086,,Insufficient observations (<10),CI unavailable: requires >=20 group observations and adequate blocks,0
Original,2026,High / Positive,High MOM10,3,0.004768692983584466,-0.0318722014750615,0.3333333333333333,-0.0691121953221096,-0.050492198398585555,0.0417091371364315,0.1152904757479245,,Insufficient observations (<10),CI unavailable: requires >=20 group observations and adequate blocks,0
Exclude largest positive,All,Low / Negative,All,35,0.002475285949244588,0.0012522477514902,0.5142857142857142,-0.0771729240204437,-0.0233515156947879,0.0300763411643898,0.0909909344103256,"[-0.009975101086603818, 0.016484090400593378]",Descriptive sample,Moving-block 95% mean CI,9
Exclude largest positive,All,Low / Negative,Low MOM10,9,0.023830035370289677,0.0282954408445907,0.7777777777777778,-0.0238039379542231,0.013929966231863,0.0321172999066532,0.0909909344103256,,Insufficient observations (<10),CI unavailable: requires >=20 group observations and adequate blocks,9
Exclude largest positive,All,Low / Negative,High MOM10,17,0.003753340571723193,0.0059569210229184,0.5294117647058824,-0.0725865473739171,-0.0179493385796528,0.0349968533424336,0.0729152592125608,,Descriptive sample,CI unavailable: requires >=20 group observations and adequate blocks,9
Exclude largest positive,All,Low / Positive,All,24,0.0012464561905653603,-0.00790698586126665,0.4583333333333333,-0.0583253409976356,-0.0196684930228225,0.01252618888976865,0.1349183108359313,"[-0.012466454442774095, 0.015660459918217327]",Descriptive sample,Moving-block 95% mean CI,9
Exclude largest positive,All,Low / Positive,Low MOM10,4,0.01870011615403125,0.0151409374567853,0.75,-0.0054484202828908,0.005413957537356726,0.028427096073459824,0.0499670099854452,,Insufficient observations (<10),CI unavailable: requires >=20 group observations and adequate blocks,9
Exclude largest positive,All,Low / Positive,High MOM10,11,-0.003169254886429261,-0.0192782544312483,0.36363636363636365,-0.0583253409976356,-0.0257675855772339,0.007786458920704601,0.1349183108359313,,Descriptive sample,CI unavailable: requires >=20 group observations and adequate blocks,9
Exclude largest positive,All,High / Negative,All,21,0.01685568989007174,0.0037605878802524,0.5714285714285714,-0.036676993964914,-0.0038475240184175,0.0235192425220607,0.1310670904825221,"[0.0004590525695019076, 0.03908533073871566]",Descriptive sample,Moving-block 95% mean CI,10
Exclude largest positive,All,High / Negative,Low MOM10,2,0.0014547384476665502,0.0014547384476665502,0.5,-0.0061947715409748,-0.0023700165466541247,0.005279493441987225,0.0091042484363079,,Insufficient observations (<10),CI unavailable: requires >=20 group observations and adequate blocks,10
Exclude largest positive,All,High / Negative,High MOM10,9,0.029938695604759386,0.0123301781421047,0.6666666666666666,-0.036676993964914,-0.0009701724945596,0.0235192425220607,0.1310670904825221,,Insufficient observations (<10),CI unavailable: requires >=20 group observations and adequate blocks,10
Exclude largest positive,All,High / Positive,All,31,0.013679006246021934,0.0108765137242157,0.5806451612903226,-0.0734651767317629,-0.03118681180680715,0.033290131385986396,0.1401287395063086,"[-0.007384727156709892, 0.032335178090939276]",Descriptive sample,Moving-block 95% mean CI,10
Exclude largest positive,All,High / Positive,Low MOM10,9,0.0304988819919664,0.0262024400244387,0.6666666666666666,-0.0715814711233816,-0.0358441766005841,0.0895104560752939,0.1401287395063086,,Insufficient observations (<10),CI unavailable: requires >=20 group observations and adequate blocks,10
Exclude largest positive,All,High / Positive,High MOM10,12,0.016529848360740514,0.01344182027218695,0.6666666666666666,-0.0691121953221096,-0.001364017834534075,0.03412922421647225,0.1152904757479245,,Descriptive sample,CI unavailable: requires >=20 group observations and adequate blocks,10
Exclude largest positive,2021,Low / Negative,All,0,,,,,,,,,Insufficient observations (<10),CI unavailable: requires >=20 group observations and adequate blocks,0
Exclude largest positive,2021,Low / Negative,Low MOM10,0,,,,,,,,,Insufficient observations (<10),CI unavailable: requires >=20 group observations and adequate blocks,0
Exclude largest positive,2021,Low / Negative,High MOM10,0,,,,,,,,,Insufficient observations (<10),CI unavailable: requires >=20 group observations and adequate blocks,0
Exclude largest positive,2021,Low / Positive,All,0,,,,,,,,,Insufficient observations (<10),CI unavailable: requires >=20 group observations and adequate blocks,0
Exclude largest positive,2021,Low / Positive,Low MOM10,0,,,,,,,,,Insufficient observations (<10),CI unavailable: requires >=20 group observations and adequate blocks,0
Exclude largest positive,2021,Low / Positive,High MOM10,0,,,,,,,,,Insufficient observations (<10),CI unavailable: requires >=20 group observations and adequate blocks,0
Exclude largest positive,2021,High / Negative,All,0,,,,,,,,,Insufficient observations (<10),CI unavailable: requires >=20 group observations and adequate blocks,0
Exclude largest positive,2021,High / Negative,Low MOM10,0,,,,,,,,,Insufficient observations (<10),CI unavailable: requires >=20 group observations and adequate blocks,0
Exclude largest positive,2021,High / Negative,High MOM10,0,,,,,,,,,Insufficient observations (<10),CI unavailable: requires >=20 group observations and adequate blocks,0
Exclude largest positive,2021,High / Positive,All,2,-0.023037227241674202,-0.023037227241674202,0.0,-0.0305014221385528,-0.0267693246901135,-0.019305129793234902,-0.0155730323447956,,Insufficient observations (<10),CI unavailable: requires >=20 group observations and adequate blocks,2
Exclude largest positive,2021,High / Positive,Low MOM10,0,,,,,,,,,Insufficient observations (<10),CI unavailable: requires >=20 group observations and adequate blocks,2
Exclude largest positive,2021,High / Positive,High MOM10,0,,,,,,,,,Insufficient observations (<10),CI unavailable: requires >=20 group observations and adequate blocks,2
Exclude largest positive,2022,Low / Negative,All,11,-0.012703375503496355,-0.0222983562312972,0.36363636363636365,-0.0771729240204437,-0.03056196595027115,0.00804550862826175,0.0370661997848476,,Descriptive sample,CI unavailable: requires >=20 group observations and adequate blocks,9
Exclude largest positive,2022,Low / Negative,Low MOM10,1,0.0370661997848476,0.0370661997848476,1.0,0.0370661997848476,0.0370661997848476,0.0370661997848476,0.0370661997848476,,Insufficient observations (<10),CI unavailable: requires >=20 group observations and adequate blocks,9
Exclude largest positive,2022,Low / Negative,High MOM10,1,0.0148387695050333,0.0148387695050333,1.0,0.0148387695050333,0.0148387695050333,0.0148387695050333,0.0148387695050333,,Insufficient observations (<10),CI unavailable: requires >=20 group observations and adequate blocks,9
Exclude largest positive,2022,Low / Positive,All,4,-0.008946832217504825,-0.0048219597760233,0.5,-0.0542563492594243,-0.02133825089458795,0.007569458901059825,0.0281129399414516,,Insufficient observations (<10),CI unavailable: requires >=20 group observations and adequate blocks,4
Exclude largest positive,2022,Low / Positive,Low MOM10,0,,,,,,,,,Insufficient observations (<10),CI unavailable: requires >=20 group observations and adequate blocks,4
Exclude largest positive,2022,Low / Positive,High MOM10,0,,,,,,,,,Insufficient observations (<10),CI unavailable: requires >=20 group observations and adequate blocks,4
Exclude largest positive,2022,High / Negative,All,6,0.0037830729713511837,-0.0022210510063929998,0.3333333333333333,-0.0328758598773029,-0.0213583946172809,0.0278278797428307,0.0499097188798676,,Insufficient observations (<10),CI unavailable: requires >=20 group observations and adequate blocks,6
Exclude largest positive,2022,High / Negative,Low MOM10,0,,,,,,,,,Insufficient observations (<10),CI unavailable: requires >=20 group observations and adequate blocks,6
Exclude largest positive,2022,High / Negative,High MOM10,0,,,,,,,,,Insufficient observations (<10),CI unavailable: requires >=20 group observations and adequate blocks,6
Exclude largest positive,2022,High / Positive,All,2,-0.01614883503880915,-0.01614883503880915,0.5,-0.0487116655183352,-0.03243025027857217,0.00013258020095387527,0.0164139954407169,,Insufficient observations (<10),CI unavailable: requires >=20 group observations and adequate blocks,2
Exclude largest positive,2022,High / Positive,Low MOM10,0,,,,,,,,,Insufficient observations (<10),CI unavailable: requires >=20 group observations and adequate blocks,2
Exclude largest positive,2022,High / Positive,High MOM10,0,,,,,,,,,Insufficient observations (<10),CI unavailable: requires >=20 group observations and adequate blocks,2
Exclude largest positive,2023,Low / Negative,All,12,0.004300054028951992,0.01265697210171185,0.5833333333333334,-0.0725865473739171,-0.013410000025609475,0.029250905610106327,0.0396669589674929,,Descriptive sample,CI unavailable: requires >=20 group observations and adequate blocks,0
Exclude largest positive,2023,Low / Negative,Low MOM10,4,0.016968219189371872,0.023826232012548,0.75,-0.0118968871742617,0.011543545591813548,0.029250905610106327,0.0321172999066532,,Insufficient observations (<10),CI unavailable: requires >=20 group observations and adequate blocks,0
Exclude largest positive,2023,Low / Negative,High MOM10,8,-0.0020340285512579527,0.0018573321797213,0.5,-0.0725865473739171,-0.020547719923516224,0.026920246957541173,0.0396669589674929,,Insufficient observations (<10),CI unavailable: requires >=20 group observations and adequate blocks,0
Exclude largest positive,2023,Low / Positive,All,2,-0.01533677911841645,-0.01533677911841645,0.0,-0.0173333019733094,-0.016335040545862926,-0.014338517690969974,-0.0133402562635235,,Insufficient observations (<10),CI unavailable: requires >=20 group observations and adequate blocks,2
Exclude largest positive,2023,Low / Positive,Low MOM10,0,,,,,,,,,Insufficient observations (<10),CI unavailable: requires >=20 group observations and adequate blocks,2
Exclude largest positive,2023,Low / Positive,High MOM10,0,,,,,,,,,Insufficient observations (<10),CI unavailable: requires >=20 group observations and adequate blocks,2
Exclude largest positive,2023,High / Negative,All,5,0.01158862800613446,0.0037605878802524,0.6,-0.0061472831968329,-0.0009701724945596,0.0161008257218591,0.0451991821199533,,Insufficient observations (<10),CI unavailable: requires >=20 group observations and adequate blocks,4
Exclude largest positive,2023,High / Negative,Low MOM10,0,,,,,,,,,Insufficient observations (<10),CI unavailable: requires >=20 group observations and adequate blocks,4
Exclude largest positive,2023,High / Negative,High MOM10,1,-0.0009701724945596,-0.0009701724945596,0.0,-0.0009701724945596,-0.0009701724945596,-0.0009701724945596,-0.0009701724945596,,Insufficient observations (<10),CI unavailable: requires >=20 group observations and adequate blocks,4
Exclude largest positive,2023,High / Positive,All,5,0.014762268373996523,0.0045562688133533,0.6,-0.0734651767317629,-0.0164289161170988,0.0326125017389837,0.1265366641665073,,Insufficient observations (<10),CI unavailable: requires >=20 group observations and adequate blocks,5
Exclude largest positive,2023,High / Positive,Low MOM10,0,,,,,,,,,Insufficient observations (<10),CI unavailable: requires >=20 group observations and adequate blocks,5
Exclude largest positive,2023,High / Positive,High MOM10,0,,,,,,,,,Insufficient observations (<10),CI unavailable: requires >=20 group observations and adequate blocks,5
Exclude largest positive,2024,Low / Negative,All,6,0.009908159879000138,0.007922758880748549,0.5,-0.0494473888043652,-0.020995143800869677,0.040058201569475024,0.0729152592125608,,Insufficient observations (<10),CI unavailable: requires >=20 group observations and adequate blocks,0
Exclude largest positive,2024,Low / Negative,Low MOM10,2,0.0023051705740417,0.002305170574041702,0.5,-0.0238039379542231,-0.010749383690090701,0.015359724838174101,0.0284142791023065,,Insufficient observations (<10),CI unavailable: requires >=20 group observations and adequate blocks,0
Exclude largest positive,2024,Low / Negative,High MOM10,4,0.013709654531479354,0.0156853738588609,0.5,-0.0494473888043652,-0.02178841820669835,0.0511834465970386,0.0729152592125608,,Insufficient observations (<10),CI unavailable: requires >=20 group observations and adequate blocks,0
Exclude largest positive,2024,Low / Positive,All,6,0.008736154457688968,-3.0566620042499215e-05,0.5,-0.0347090036230808,-0.018277650228867074,0.0412789335844935,0.0564983080551027,,Insufficient observations (<10),CI unavailable: requires >=20 group observations and adequate blocks,3
Exclude largest positive,2024,Low / Positive,Low MOM10,1,0.0499670099854452,0.0499670099854452,1.0,0.0499670099854452,0.0499670099854452,0.0499670099854452,0.0499670099854452,,Insufficient observations (<10),CI unavailable: requires >=20 group observations and adequate blocks,3
Exclude largest positive,2024,Low / Positive,High MOM10,2,-0.026993629027164547,-0.026993629027164547,0.0,-0.0347090036230808,-0.030851316325122672,-0.023135941729206425,-0.0192782544312483,,Insufficient observations (<10),CI unavailable: requires >=20 group observations and adequate blocks,3
Exclude largest positive,2024,High / Negative,All,4,-0.004349798955700225,-0.0021207221899737995,0.5,-0.036676993964914,-0.0138153271469596,0.007344806001285575,0.0235192425220607,,Insufficient observations (<10),CI unavailable: requires >=20 group observations and adequate blocks,0
Exclude largest positive,2024,High / Negative,Low MOM10,1,-0.0061947715409748,-0.0061947715409748,0.0,-0.0061947715409748,-0.0061947715409748,-0.0061947715409748,-0.0061947715409748,,Insufficient observations (<10),CI unavailable: requires >=20 group observations and adequate blocks,0
Exclude largest positive,2024,High / Negative,High MOM10,3,-0.003734808093942034,0.0019533271610272,0.6666666666666666,-0.036676993964914,-0.017361833401943402,0.01273628484154395,0.0235192425220607,,Insufficient observations (<10),CI unavailable: requires >=20 group observations and adequate blocks,0
Exclude largest positive,2024,High / Positive,All,7,-0.001353507550074986,0.0108765137242157,0.7142857142857143,-0.0715814711233816,-0.0214541927753509,0.029762588166210552,0.0346136137669217,,Insufficient observations (<10),CI unavailable: requires >=20 group observations and adequate blocks,1
Exclude largest positive,2024,High / Positive,Low MOM10,3,-0.010923357772854435,0.0108765137242157,0.6666666666666666,-0.0715814711233816,-0.030352478699582956,0.01940569890240915,0.0279348840806026,,Insufficient observations (<10),CI unavailable: requires >=20 group observations and adequate blocks,1
Exclude largest positive,2024,High / Positive,High MOM10,3,0.022511220802319366,0.0315902922518185,1.0,0.0013297563882179,0.016460024320018203,0.033101953009370105,0.0346136137669217,,Insufficient observations (<10),CI unavailable: requires >=20 group observations and adequate blocks,1
Exclude largest positive,2025,Low / Negative,All,2,0.05498642910720835,0.05498642910720835,1.0,0.0189819238040911,0.03698417645564973,0.07298868175876698,0.0909909344103256,,Insufficient observations (<10),CI unavailable: requires >=20 group observations and adequate blocks,0
Exclude largest positive,2025,Low / Negative,Low MOM10,1,0.0909909344103256,0.0909909344103256,1.0,0.0909909344103256,0.0909909344103256,0.0909909344103256,0.0909909344103256,,Insufficient observations (<10),CI unavailable: requires >=20 group observations and adequate blocks,0
Exclude largest positive,2025,Low / Negative,High MOM10,1,0.0189819238040911,0.0189819238040911,1.0,0.0189819238040911,0.0189819238040911,0.0189819238040911,0.0189819238040911,,Insufficient observations (<10),CI unavailable: requires >=20 group observations and adequate blocks,0
Exclude largest positive,2025,Low / Positive,All,6,0.022537780811754102,0.01033238360162565,0.6666666666666666,-0.0293074474548925,-0.006963365326396175,0.018842847841884874,0.1349183108359313,,Insufficient observations (<10),CI unavailable: requires >=20 group observations and adequate blocks,0
Exclude largest positive,2025,Low / Positive,Low MOM10,2,0.0151409374567853,0.0151409374567853,1.0,0.0090347501441059,0.0120878438004456,0.018194031113125,0.0212471247694647,,Insufficient observations (<10),CI unavailable: requires >=20 group observations and adequate blocks,0
Exclude largest positive,2025,Low / Positive,High MOM10,4,0.026236202489238504,-0.0003330267120424009,0.5,-0.0293074474548925,-0.016548914726145773,0.04245209050334188,0.1349183108359313,,Insufficient observations (<10),CI unavailable: requires >=20 group observations and adequate blocks,0
Exclude largest positive,2025,High / Negative,All,4,0.04025449726420787,0.01307187667338575,1.0,0.0091042484363079,0.0115236957156555,0.041802678221938123,0.1257699872737521,,Insufficient observations (<10),CI unavailable: requires >=20 group observations and adequate blocks,0
Exclude largest positive,2025,High / Negative,Low MOM10,1,0.0091042484363079,0.0091042484363079,1.0,0.0091042484363079,0.0091042484363079,0.0091042484363079,0.0091042484363079,,Insufficient observations (<10),CI unavailable: requires >=20 group observations and adequate blocks,0
Exclude largest positive,2025,High / Negative,High MOM10,3,0.05063791354017453,0.0138135752046668,1.0,0.0123301781421047,0.01307187667338575,0.06979178123920945,0.1257699872737521,,Insufficient observations (<10),CI unavailable: requires >=20 group observations and adequate blocks,0
Exclude largest positive,2025,High / Positive,All,11,0.02578633733737518,0.0146841173402576,0.6363636363636364,-0.0520397260049073,-0.00206751819478045,0.04688491740818085,0.1393022782457111,,Descriptive sample,CI unavailable: requires >=20 group observations and adequate blocks,0
Exclude largest positive,2025,High / Positive,Low MOM10,5,0.03342625434799046,0.0262024400244387,0.6,-0.0520397260049073,-0.0358441766005841,0.0895104560752939,0.1393022782457111,,Insufficient observations (<10),CI unavailable: requires >=20 group observations and adequate blocks,0
Exclude largest positive,2025,High / Positive,High MOM10,6,0.019419739828529115,0.01344182027218695,0.6666666666666666,-0.0034745189152732,0.0025544926953133,0.02914685010980622,0.0598020737833726,,Insufficient observations (<10),CI unavailable: requires >=20 group observations and adequate blocks,0
Exclude largest positive,2026,Low / Negative,All,4,0.0013374182315447737,-8.591157331344981e-05,0.5,-0.0396760788651909,-0.02049536175016515,0.021746868408396475,0.0451975749379969,,Insufficient observations (<10),CI unavailable: requires >=20 group observations and adequate blocks,0
Exclude largest positive,2026,Low / Negative,Low MOM10,1,0.013929966231863,0.013929966231863,1.0,0.013929966231863,0.013929966231863,0.013929966231863,0.013929966231863,,Insufficient observations (<10),CI unavailable: requires >=20 group observations and adequate blocks,0
Exclude largest positive,2026,Low / Negative,High MOM10,3,-0.0028600977685613004,-0.0141017893784899,0.3333333333333333,-0.0396760788651909,-0.026888934121840402,0.015547892779753499,0.0451975749379969,,Insufficient observations (<10),CI unavailable: requires >=20 group observations and adequate blocks,0
Exclude largest positive,2026,Low / Positive,All,6,-0.015211295989372936,-0.01314381454021795,0.3333333333333333,-0.0583253409976356,-0.02188059497406775,0.0035539291481437247,0.0090182055495873,,Insufficient observations (<10),CI unavailable: requires >=20 group observations and adequate blocks,0
Exclude largest positive,2026,Low / Positive,Low MOM10,1,-0.0054484202828908,-0.0054484202828908,0.0,-0.0054484202828908,-0.0054484202828908,-0.0054484202828908,-0.0054484202828908,,Insufficient observations (<10),CI unavailable: requires >=20 group observations and adequate blocks,0
Exclude largest positive,2026,Low / Positive,High MOM10,5,-0.01716387113066936,-0.0208392087975451,0.4,-0.0583253409976356,-0.0222277236995753,0.0065547122918219,0.0090182055495873,,Insufficient observations (<10),CI unavailable: requires >=20 group observations and adequate blocks,0
Exclude largest positive,2026,High / Negative,All,2,0.0648545582993483,0.0648545582993483,0.5,-0.0013579738838255,0.0317482922077614,0.0979608243909352,0.1310670904825221,,Insufficient observations (<10),CI unavailable: requires >=20 group observations and adequate blocks,0
Exclude largest positive,2026,High / Negative,Low MOM10,0,,,,,,,,,Insufficient observations (<10),CI unavailable: requires >=20 group observations and adequate blocks,0
Exclude largest positive,2026,High / Negative,High MOM10,2,0.0648545582993483,0.0648545582993483,0.5,-0.0013579738838255,0.0317482922077614,0.0979608243909352,0.1310670904825221,,Insufficient observations (<10),CI unavailable: requires >=20 group observations and adequate blocks,0
Exclude largest positive,2026,High / Positive,All,4,0.0386087046142655,0.0417091371364315,0.5,-0.0691121953221096,-0.041182199936823524,0.12150004168752053,0.1401287395063086,,Insufficient observations (<10),CI unavailable: requires >=20 group observations and adequate blocks,0
Exclude largest positive,2026,High / Positive,Low MOM10,1,0.1401287395063086,0.1401287395063086,1.0,0.1401287395063086,0.1401287395063086,0.1401287395063086,0.1401287395063086,,Insufficient observations (<10),CI unavailable: requires >=20 group observations and adequate blocks,0
Exclude largest positive,2026,High / Positive,High MOM10,3,0.004768692983584466,-0.0318722014750615,0.3333333333333333,-0.0691121953221096,-0.050492198398585555,0.0417091371364315,0.1152904757479245,,Insufficient observations (<10),CI unavailable: requires >=20 group observations and adequate blocks,0
