rule,period,evaluation,n,available,flagged,assessed_flagged,losses,losses_identified,loss_recall,false_alarm_frequency,positive_returns_missed,negative_returns_avoided,sample_status,baseline_return,baseline_drawdown,cash_warning_return,cash_warning_drawdown,return_difference,switches
Low participation,2022,Training (in-sample),22,22,8,7,9,2,0.2222222222222222,0.7142857142857143,0.1979560865161752,0.0765519347123531,Small flagged sample (<10),0.10345839746732799,-0.1319398830688686,-0.05077976810501983,-0.1324854838548405,-0.15423816557234782,14
Low participation,2022,Unseen year (OOS),24,24,16,15,14,9,0.6428571428571429,0.4,0.1137301920968917,0.2892546515053709,Descriptive only,-0.14926507831003,-0.22603989412001524,-0.01639457808901912,-0.08871784711390907,0.13287050022101088,11
Weak Top10 MOM10,2022,Training (in-sample),22,22,7,7,9,2,0.2222222222222222,0.7142857142857143,0.1745130906382247,0.0307928520352376,Small flagged sample (<10),0.10345839746732799,-0.1319398830688686,-0.04308677854896115,-0.11386589143987413,-0.14654517601628914,10
Weak Top10 MOM10,2022,Unseen year (OOS),24,24,13,12,14,7,0.5,0.4166666666666667,0.1480795095841301,0.22813071960482859,Descriptive only,-0.14926507831003,-0.22603989412001524,-0.10674553607603776,-0.13787290786092832,0.042519542233992236,15
Negative median60,2022,Training (in-sample),22,15,5,5,9,3,0.3333333333333333,0.4,0.0934191610557553,0.0595129317320785,Small flagged sample (<10),0.10345839746732799,-0.1319398830688686,0.06765641778301501,-0.1319398830688686,-0.03580197968431298,8
Negative median60,2022,Unseen year (OOS),24,24,18,17,14,11,0.7857142857142857,0.35294117647058826,0.17210737146960892,0.2891460641799617,Descriptive only,-0.14926507831003,-0.22603989412001524,-0.06962207444736912,-0.12046254726831807,0.07964300386266088,3
Low participation AND weak MOM10,2022,Training (in-sample),22,22,5,5,9,1,0.1111111111111111,0.8,0.1395250080493223,0.019978887140677,Small flagged sample (<10),0.10345839746732799,-0.1319398830688686,-0.01982627769779588,-0.11386589143987413,-0.12328467516512387,8
Low participation AND weak MOM10,2022,Unseen year (OOS),24,24,12,11,14,7,0.5,0.36363636363636365,0.0981697907042625,0.22813071960482859,Descriptive only,-0.14926507831003,-0.22603989412001524,-0.06169436271886808,-0.1155585972047628,0.08757071559116192,13
Low participation AND negative median60,2022,Training (in-sample),22,15,2,2,9,1,0.1111111111111111,0.5,0.0584310784668529,0.019978887140677,Small flagged sample (<10),0.10345839746732799,-0.1319398830688686,0.06273161351663714,-0.15407265943954562,-0.04072678395069085,4
Low participation AND negative median60,2022,Unseen year (OOS),24,24,12,11,14,7,0.5,0.36363636363636365,0.0848956202678442,0.2246327508063041,Descriptive only,-0.14926507831003,-0.22603989412001524,-0.05284018124193468,-0.12248365092566027,0.09642489706809532,11
Weak MOM10 AND negative median60,2022,Training (in-sample),22,15,3,3,9,2,0.2222222222222222,0.3333333333333333,0.0349880825889024,0.0307928520352376,Small flagged sample (<10),0.10345839746732799,-0.1319398830688686,0.09868414598150643,-0.1319398830688686,-0.004774251485821557,4
Weak MOM10 AND negative median60,2022,Unseen year (OOS),24,24,10,9,14,5,0.35714285714285715,0.4444444444444444,0.1199665696426785,0.1635088189057618,Small flagged sample (<10),-0.14926507831003,-0.22603989412001524,-0.14003369807093136,-0.17000107230047923,0.009231380239098641,13
All three,2022,Training (in-sample),22,15,1,1,9,1,0.1111111111111111,0.0,0.0,0.019978887140677,Small flagged sample (<10),0.10345839746732799,-0.1319398830688686,0.12539079287474597,-0.1319398830688686,0.02193239540741798,2
All three,2022,Unseen year (OOS),24,24,9,8,14,5,0.35714285714285715,0.375,0.0700568507628109,0.1635088189057618,Small flagged sample (<10),-0.14926507831003,-0.22603989412001524,-0.09666140885858365,-0.1417731354765639,0.052603669451446344,11
Low participation,2023,Training (in-sample),46,46,16,14,23,8,0.34782608695652173,0.42857142857142855,0.1120880139709898,0.2197958809481741,Descriptive only,-0.08481007153653342,-0.29470161551456253,-0.02575977477438851,-0.1889670674502344,0.059050296762144905,18
Low participation,2023,Unseen year (OOS),24,24,10,10,11,4,0.36363636363636365,0.6,0.14495158312634493,0.0494217843906997,Descriptive only,0.1436547048606316,-0.16179687344305282,0.03855002205256408,-0.17587184769517628,-0.1051046828080675,13
Weak Top10 MOM10,2023,Training (in-sample),46,46,16,14,23,8,0.34782608695652173,0.42857142857142855,0.1463544646722963,0.20466722238064192,Descriptive only,-0.08481007153653342,-0.29470161551456253,-0.07334897601318302,-0.20119428050482957,0.011461095523350395,22
Weak Top10 MOM10,2023,Unseen year (OOS),24,24,8,8,11,4,0.36363636363636365,0.5,0.1147666172741828,0.104058993184964,Small flagged sample (<10),0.1436547048606316,-0.16179687344305282,0.13393909366949264,-0.11303561199418877,-0.009715611191138951,10
Negative median60,2023,Training (in-sample),46,39,22,21,23,14,0.6086956521739131,0.3333333333333333,0.2284603327405166,0.34865899591204025,Descriptive only,-0.08481007153653342,-0.29470161551456253,0.004288292963586127,-0.19469481843832614,0.08909836450011954,11
Negative median60,2023,Unseen year (OOS),24,24,17,17,11,7,0.6363636363636364,0.5882352941176471,0.24967913781590262,0.14013534943780642,Descriptive only,0.1436547048606316,-0.16179687344305282,0.031229167463279417,-0.10160285963494053,-0.11242553739735217,5
Low participation AND weak MOM10,2023,Training (in-sample),46,46,14,12,23,7,0.30434782608695654,0.4166666666666667,0.1113663820833939,0.19385325748608132,Descriptive only,-0.08481007153653342,-0.29470161551456253,-0.05082408404910865,-0.20983253751302422,0.03398598748742476,20
Low participation AND weak MOM10,2023,Unseen year (OOS),24,24,7,7,11,3,0.2727272727272727,0.5714285714285714,0.1147666172741828,0.0314724458110469,Small flagged sample (<10),0.1436547048606316,-0.16179687344305282,0.0511046204696497,-0.17782853450444924,-0.09255008439098189,12
Low participation AND negative median60,2023,Training (in-sample),46,39,10,9,23,7,0.30434782608695654,0.2222222222222222,0.032990650977963304,0.2094303295085316,Small flagged sample (<10),-0.08481007153653342,-0.29470161551456253,0.055468938133180545,-0.18752268604483313,0.14027900966971396,12
Low participation AND negative median60,2023,Unseen year (OOS),24,24,9,9,11,3,0.2727272727272727,0.6666666666666666,0.14495158312634493,0.032088482417390304,Small flagged sample (<10),0.1436547048606316,-0.16179687344305282,0.02054852090593995,-0.1758718476951764,-0.12310618395469164,13
Weak MOM10 AND negative median60,2023,Training (in-sample),46,39,11,10,23,7,0.30434782608695654,0.3,0.0679787335668657,0.1943016709409994,Descriptive only,-0.08481007153653342,-0.29470161551456253,0.0036897669012558865,-0.1999487529730659,0.0884998384377893,14
Weak MOM10 AND negative median60,2023,Unseen year (OOS),24,24,7,7,11,3,0.2727272727272727,0.5714285714285714,0.1147666172741828,0.0867256912116546,Small flagged sample (<10),0.1436547048606316,-0.16179687344305282,0.11484153602999769,-0.1130356119941891,-0.028813168830633895,8
All three,2023,Training (in-sample),46,39,9,8,23,6,0.2608695652173913,0.25,0.032990650977963304,0.1834877060464388,Small flagged sample (<10),-0.08481007153653342,-0.29470161551456253,0.02808730489525635,-0.20860047907226487,0.11289737643178976,12
All three,2023,Unseen year (OOS),24,24,6,6,11,2,0.18181818181818182,0.6666666666666666,0.1147666172741828,0.0141391438377375,Small flagged sample (<10),0.1436547048606316,-0.16179687344305282,0.03340214316145551,-0.17782853450444958,-0.11025256169917608,10
Low participation,2024,Training (in-sample),70,70,24,22,33,11,0.3333333333333333,0.5,0.2564104726327908,0.251268326759221,Descriptive only,0.10529636180649748,-0.29470161551456253,0.05012852477858476,-0.17587184769517605,-0.055167837027912725,31
Low participation,2024,Unseen year (OOS),24,24,9,9,10,3,0.3,0.6666666666666666,0.4749535074907446,0.0858200880993977,Small flagged sample (<10),0.34851940804044057,-0.09820414244015574,-0.05587882502433328,-0.1242768398299352,-0.40439823306477385,12
Weak Top10 MOM10,2024,Training (in-sample),70,70,24,22,33,11,0.3333333333333333,0.5,0.29818728173132675,0.23613966819168883,Descriptive only,0.10529636180649748,-0.29470161551456253,-0.008438455024412872,-0.20119428050482957,-0.11373481683091036,35
Weak Top10 MOM10,2024,Unseen year (OOS),24,24,7,7,10,2,0.2,0.7142857142857143,0.19403381058302402,0.0363726992950325,Small flagged sample (<10),0.34851940804044057,-0.09820414244015574,0.1536244438374872,-0.11283166452541793,-0.19489496420295338,12
Negative median60,2024,Training (in-sample),70,63,39,38,33,20,0.6060606060606061,0.47368421052631576,0.5152056703412667,0.4708450067701938,Descriptive only,0.10529636180649748,-0.29470161551456253,0.03539246740089563,-0.19469481843832614,-0.06990389440560185,17
Negative median60,2024,Unseen year (OOS),24,24,11,11,10,5,0.5,0.5454545454545454,0.42871306473709136,0.1286918536052865,Descriptive only,0.34851940804044057,-0.09820414244015574,0.032973674299362266,-0.09820414244015563,-0.3155457337410783,6
Low participation AND weak MOM10,2024,Training (in-sample),70,70,21,19,33,10,0.30303030303030304,0.47368421052631576,0.2314607959159512,0.2253257032971282,Descriptive only,0.10529636180649748,-0.29470161551456253,0.04789983420551969,-0.1847538839721734,-0.0573965276009778,33
Low participation AND weak MOM10,2024,Unseen year (OOS),24,24,6,6,10,2,0.2,0.6666666666666666,0.14406680059757881,0.0363726992950325,Small flagged sample (<10),0.34851940804044057,-0.09820414244015574,0.21187346893454406,-0.11038896017874589,-0.1366459391058965,10
Low participation AND negative median60,2024,Training (in-sample),70,63,17,16,33,9,0.2727272727272727,0.4375,0.17731310963976432,0.22356947334626912,Descriptive only,0.10529636180649748,-0.29470161551456253,0.11796470675336845,-0.1758718476951764,0.012668344946870969,25
Low participation AND negative median60,2024,Unseen year (OOS),24,24,7,7,10,3,0.3,0.5714285714285714,0.4032404950540035,0.0858200880993977,Small flagged sample (<10),0.34851940804044057,-0.09820414244015574,0.013651791608679353,-0.09820414244015574,-0.3348676164317612,8
Weak MOM10 AND negative median60,2024,Training (in-sample),70,63,18,17,33,9,0.2727272727272727,0.47058823529411764,0.2198115506258961,0.2084408147787369,Descriptive only,0.10529636180649748,-0.29470161551456253,0.055908715438546475,-0.1999487529730659,-0.04938764636795101,25
Weak MOM10 AND negative median60,2024,Unseen year (OOS),24,24,4,4,10,2,0.2,0.5,0.0723537881608377,0.0363726992950325,Small flagged sample (<10),0.34851940804044057,-0.09820414244015574,0.3011229337380197,-0.09820414244015585,-0.04739647430242089,6
All three,2024,Training (in-sample),70,63,15,14,33,8,0.24242424242424243,0.42857142857142855,0.1530850648105206,0.1976268498841763,Descriptive only,0.10529636180649748,-0.29470161551456253,0.11590306567552333,-0.18348272196382276,0.010606703869025846,23
All three,2024,Unseen year (OOS),24,24,4,4,10,2,0.2,0.5,0.0723537881608377,0.0363726992950325,Small flagged sample (<10),0.34851940804044057,-0.09820414244015574,0.3011229337380197,-0.09820414244015585,-0.04739647430242089,6
Low participation,2025,Training (in-sample),94,94,32,30,44,14,0.3181818181818182,0.5333333333333333,0.6955758980010385,0.344672201998629,Descriptive only,0.4480105556672376,-0.29470161551456253,0.006105592032548124,-0.26684577257543574,-0.44190496363468945,40
Low participation,2025,Unseen year (OOS),25,25,3,2,6,0,0.0,1.0,0.1099728582144167,-0.0,Small flagged sample (<10),1.1012619175527898,-0.13411819452585794,0.7575125995999623,-0.13411819452585783,-0.3437493179528275,6
Weak Top10 MOM10,2025,Training (in-sample),94,94,32,30,44,14,0.3181818181818182,0.5333333333333333,0.49222109231435074,0.3450989148606385,Descriptive only,0.4480105556672376,-0.29470161551456253,0.19854710450179636,-0.21094668850172804,-0.24946345116544122,46
Weak Top10 MOM10,2025,Unseen year (OOS),25,25,4,3,6,0,0.0,1.0,0.1212728093238962,-0.0,Small flagged sample (<10),1.1012619175527898,-0.13411819452585794,0.7370438530986758,-0.13411819452585794,-0.364218064454114,8
Negative median60,2025,Training (in-sample),94,87,51,50,44,26,0.5909090909090909,0.48,0.9439187350783581,0.6174861989551331,Descriptive only,0.4480105556672376,-0.29470161551456253,0.05829010469792428,-0.2064370558431986,-0.3897204509693133,22
Negative median60,2025,Unseen year (OOS),25,25,8,6,6,0,0.0,1.0,0.2709908472712482,-0.0,Small flagged sample (<10),1.1012619175527898,-0.13411819452585794,0.47792100591200315,-0.13411819452585805,-0.6233409116407866,6
Low participation AND weak MOM10,2025,Training (in-sample),94,94,25,23,44,11,0.25,0.5217391304347826,0.3397395143910331,0.25133285115251824,Descriptive only,0.4480105556672376,-0.29470161551456253,0.2655645787742731,-0.2685871876691388,-0.1824459768929645,40
Low participation AND weak MOM10,2025,Unseen year (OOS),25,25,2,1,6,0,0.0,1.0,0.0909909344103256,-0.0,Small flagged sample (<10),1.1012619175527898,-0.13411819452585794,0.7917693425359826,-0.13411819452585805,-0.30949257501680716,4
Low participation AND negative median60,2025,Training (in-sample),94,87,25,24,44,13,0.29545454545454547,0.4583333333333333,0.5805536046937678,0.3273389000253196,Descriptive only,0.4480105556672376,-0.29470161551456253,0.12075372792064054,-0.23738817463026163,-0.32725682774659703,34
Low participation AND negative median60,2025,Unseen year (OOS),25,25,3,2,6,0,0.0,1.0,0.1099728582144167,-0.0,Small flagged sample (<10),1.1012619175527898,-0.13411819452585794,0.7575125995999623,-0.13411819452585783,-0.3437493179528275,6
Weak MOM10 AND negative median60,2025,Training (in-sample),94,87,23,22,44,12,0.2727272727272727,0.45454545454545453,0.29216533878673384,0.3174000614476865,Descriptive only,0.4480105556672376,-0.29470161551456253,0.4395133217859901,-0.1999487529730659,-0.008497233881247457,30
Weak MOM10 AND negative median60,2025,Unseen year (OOS),25,25,2,1,6,0,0.0,1.0,0.0909909344103256,-0.0,Small flagged sample (<10),1.1012619175527898,-0.13411819452585794,0.7917693425359826,-0.13411819452585805,-0.30949257501680716,4
All three,2025,Training (in-sample),94,87,19,18,44,10,0.22727272727272727,0.4444444444444444,0.2254388529713583,0.23399954917920882,Descriptive only,0.4480105556672376,-0.29470161551456253,0.41017172142957214,-0.2510765524886702,-0.03783883423766543,30
All three,2025,Unseen year (OOS),25,25,2,1,6,0,0.0,1.0,0.0909909344103256,-0.0,Small flagged sample (<10),1.1012619175527898,-0.13411819452585794,0.7917693425359826,-0.13411819452585805,-0.30949257501680716,4
Low participation,2026,Training (in-sample),119,119,41,38,50,16,0.32,0.5789473684210527,0.9059523833930352,0.3743160078695198,Descriptive only,1.699672346773299,-0.29470161551456253,0.4605001617918887,-0.26684577257543596,-1.2391721849814104,56
Low participation,2026,Unseen year (OOS),16,16,2,2,9,0,0.0,1.0,0.0204846785236849,-0.0,Small flagged sample (<10),0.18272184309735073,-0.20097611126503268,0.15771836840383968,-0.2009761112650329,-0.025003474693511052,4
Weak Top10 MOM10,2026,Training (in-sample),119,119,41,38,50,16,0.32,0.5789473684210527,0.9374758939205786,0.4728204408518256,Descriptive only,1.699672346773299,-0.29470161551456253,0.569263799565376,-0.19766535106234917,-1.130408547207923,58
Weak Top10 MOM10,2026,Unseen year (OOS),16,16,2,2,9,1,0.1111111111111111,0.5,0.013929966231863,0.0054484202828908,Small flagged sample (<10),0.18272184309735073,-0.20097611126503268,0.17227680796889144,-0.2009761112650328,-0.01044503512845929,2
Negative median60,2026,Training (in-sample),119,112,59,56,50,26,0.52,0.5357142857142857,1.2149095823496068,0.6174861989551331,Descriptive only,1.699672346773299,-0.29470161551456253,0.3877623402769712,-0.2064370558431986,-1.3119100064963278,28
Negative median60,2026,Unseen year (OOS),16,16,6,6,9,3,0.3333333333333333,0.5,0.19019463165238198,0.0551358421275063,Small flagged sample (<10),0.18272184309735073,-0.20097611126503268,0.042803484431168215,-0.20114043062193687,-0.13991835866618252,3
Low participation AND weak MOM10,2026,Training (in-sample),119,119,32,29,50,12,0.24,0.5862068965517241,0.7774755066003983,0.2616984025921607,Descriptive only,1.699672346773299,-0.29470161551456253,0.4786217458632547,-0.268587187669139,-1.2210506009100444,50
Low participation AND weak MOM10,2026,Unseen year (OOS),16,16,1,1,9,0,0.0,1.0,0.013929966231863,-0.0,Small flagged sample (<10),0.18272184309735073,-0.20097611126503268,0.16588975123119098,-0.200976111265033,-0.01683209186615975,2
Low participation AND negative median60,2026,Training (in-sample),119,112,29,27,50,13,0.26,0.5185185185185185,0.7222648661346577,0.3273389000253196,Descriptive only,1.699672346773299,-0.29470161551456253,0.6939406256587413,-0.23738817463026163,-1.0057317211145578,40
Low participation AND negative median60,2026,Unseen year (OOS),16,16,1,1,9,0,0.0,1.0,0.013929966231863,-0.0,Small flagged sample (<10),0.18272184309735073,-0.20097611126503268,0.16588975123119098,-0.200976111265033,-0.01683209186615975,2
Weak MOM10 AND negative median60,2026,Training (in-sample),119,112,28,26,50,12,0.24,0.5384615384615384,0.7071382654793911,0.3174000614476865,Descriptive only,1.699672346773299,-0.29470161551456253,0.7035819794098881,-0.23836187338111425,-0.996090367363411,38
Weak MOM10 AND negative median60,2026,Unseen year (OOS),16,16,1,1,9,0,0.0,1.0,0.013929966231863,-0.0,Small flagged sample (<10),0.18272184309735073,-0.20097611126503268,0.16588975123119098,-0.200976111265033,-0.01683209186615975,2
All three,2026,Training (in-sample),119,112,23,21,50,10,0.2,0.5238095238095238,0.6061396382887619,0.23399954917920882,Descriptive only,1.699672346773299,-0.29470161551456253,0.7273202458536214,-0.25107655248867067,-0.9723521009196776,34
All three,2026,Unseen year (OOS),16,16,1,1,9,0,0.0,1.0,0.013929966231863,-0.0,Small flagged sample (<10),0.18272184309735073,-0.20097611126503268,0.16588975123119098,-0.200976111265033,-0.01683209186615975,2
